date,screen_time_min,unlock_count,app_usage_var,distinct_locations,steps,sleep_hours,calls_made,calls_missed,social_media_min,work_related_min,avg_heart_rate,mood_score
12-07-2025,274.8357077,70.41651524,1.237309584,5,5247.534197,6.077299483,14,0,50.39300379,120.8564372,67.61051953,1
13-07-2025,243.0867849,76.28682047,0.727183764,4,3716.106623,10,2,0,144.943763,210.2427909,60.92436338,1
14-07-2025,282.3844269,57.87330052,1.420838293,5,4940.545787,8.030272769,12,5,125.3832036,148.1845429,64.23228669,1
15-07-2025,326.1514928,56.07586752,0.579444681,3,4198.005887,7.106458623,11,6,75.92473044,132.4276301,77.55391226,2
16-07-2025,238.2923313,96.25051645,1.176057128,4,2317.255243,7.65899071,5,6,38.60596413,173.5781784,75.00917188,5
17-07-2025,238.2931522,107.1248006,1.657136688,3,5535.956813,6.837253167,6,0,130.6161712,117.8854607,60.22444755,3
18-07-2025,328.9606408,78.55979757,0.702839102,1,4378.202292,6.270350851,10,4,86.56380464,146.7810417,70.99332305,3
19-07-2025,288.3717365,100.070658,0.830110681,1,5120.298069,7.311397392,9,5,127.1344894,108.1273264,77.51387123,3
20-07-2025,226.5262807,87.2327205,1.02989541,4,3660.31959,8.327485701,9,5,42.16717024,297.883508,53.30594719,3
21-07-2025,277.1280022,67.09760491,0.848957304,4,4497.774129,6.303205377,2,2,72.01874931,182.1158131,75.43360192,2
22-07-2025,226.8291154,87.22791211,0.534800971,5,7340.570212,6.066644253,6,7,90.15731099,138.0164695,63.37376241,4
23-07-2025,226.7135123,110.7607313,1.020568892,5,5192.8265,6.466767039,13,6,91.40941781,192.8387946,75.70598669,5
24-07-2025,262.0981136,79.28347922,0.681308886,3,5824.364518,8.428016641,2,0,76.49803586,173.260317,62.36740843,1
25-07-2025,154.3359878,111.2928731,1.142077729,4,3093.69229,9.178825371,12,2,108.685498,166.741824,51.95117899,4
26-07-2025,163.7541084,27.60509792,0.72417273,1,8583.553936,7.543020868,12,3,57.97138712,216.850002,53.72457562,3
27-07-2025,221.8856235,96.43805009,1.464980322,5,7765.120637,7.871971201,1,1,85.72861545,225.4504626,70.48084947,4
28-07-2025,199.358444,81.74094136,0.765024012,5,7045.153236,6.055448714,11,7,93.60886895,148.1699311,72.59722502,5
29-07-2025,265.7123666,74.01985299,0.903381545,1,6243.148966,8.315131975,13,7,105.433165,145.4509056,60.95683375,1
30-07-2025,204.5987962,81.83521553,1.244055165,5,5022.714917,7.827605516,9,7,111.3484463,163.4968982,76.38592459,1
31-07-2025,179.3848149,40.24862171,0.630740705,3,5663.111025,5.934808063,3,5,56.26073724,41.88473012,53.38479938,5
01-08-2025,323.2824384,75.60656224,1.06823798,4,6572.029616,4.318492582,11,3,43.97657488,89.08853627,69.33920201,5
02-08-2025,238.711185,87.14225143,1.392142826,1,4057.145379,5.169144844,7,7,128.3303047,262.012456,57.889838,3
03-08-2025,253.3764102,109.5578809,0.51775503,4,4333.251884,5.996195908,12,3,99.96942036,278.6980628,63.48163892,1
04-08-2025,178.7625907,69.63459563,1.055390158,5,2496.301461,8.742905977,14,4,67.5454039,165.0578376,70.47398671,4
05-08-2025,222.7808638,63.83012794,1.077964838,5,3842.271383,9.329289664,8,7,136.5345593,214.5934178,61.39586635,2
06-08-2025,255.5461295,69.96485913,1.234546862,1,7491.952596,6.340723187,6,1,93.47023903,198.6750093,66.15444456,2
07-08-2025,192.4503211,98.30804235,0.628914787,3,4498.629363,6.388126971,0,3,125.3789155,364.7328485,80.06292809,5
08-08-2025,268.7849009,86.57502219,0.603863016,2,4523.22964,7.392434584,2,3,92.02555444,247.1744947,64.2310813,3
09-08-2025,219.9680655,69.40479592,1.15658247,1,5476.650549,7.018219764,12,1,151.8224377,172.3249445,78.35692112,2
10-08-2025,235.4153125,90.26534866,1.089095402,2,2581.659039,8.396401126,11,7,142.6602253,122.6675736,58.70293145,1
11-08-2025,219.9146694,81.94155099,1.075147855,2,6418.072535,6.21521786,13,1,82.53107555,83.61322078,75.29804178,5
12-08-2025,342.6139092,99.37289981,1.103934463,3,6899.610283,8.423714482,8,3,119.1471285,192.2078182,84.41568621,4
13-08-2025,249.3251388,65.95893812,0.795992584,2,5565.944398,6.641162803,14,1,109.3612785,134.6189553,50,5
14-08-2025,197.1144536,73.44675707,1.069676109,2,7477.02648,8.280962067,11,3,131.0589467,94.66477742,62.03104745,4
15-08-2025,291.1272456,72.15783694,1.087921742,3,3009.752351,6.593439307,0,3,61.05229618,141.2056269,75.77072127,5
16-08-2025,188.9578175,50.72970104,0.785694575,2,7765.573697,6.080357976,8,4,110.5815438,115.1071198,67.96954614,5
17-08-2025,260.4431798,85.92240554,1.559732353,2,3903.887895,9.86847646,7,0,121.7527346,281.2284981,73.71145873,5
18-08-2025,152.0164938,85.22110544,1.142149876,2,3080.1204,8.597840624,0,3,37.23781541,232.8983854,63.96014813,4
19-08-2025,183.5906976,80.10226913,0.642608951,1,4643.912058,4.31193235,5,7,54.50224462,179.5216415,70.86589787,4
20-08-2025,259.8430618,75.30825733,1.196966083,1,7808.008521,6.329839732,4,2,28.82303467,268.7966483,68.44322765,5
21-08-2025,286.923329,51.69258516,0.707595499,1,4970.836789,8.807384383,5,5,81.91779497,184.6420985,81.67782062,2
22-08-2025,258.5684141,71.58709354,1.236125381,3,3601.112515,5.205009296,9,6,111.5262677,128.3229479,72.54420843,3
23-08-2025,244.2175859,73.14570967,1.347578674,5,3057.586288,8.156017494,11,0,135.0707116,271.3874446,73.37602662,3
24-08-2025,234.9448152,63.95445462,0.753795304,2,4842.322243,8.000584155,12,0,92.22284341,212.3346026,65.88123034,3
25-08-2025,176.0739005,76.77428577,1.289012839,2,2007.557643,5.951280133,12,0,138.8584664,117.7652307,65.12393776,4
26-08-2025,214.0077896,88.08101714,1.123834278,3,3049.710738,6.986774431,12,4,48.59695625,168.5796793,65.67441812,4
27-08-2025,226.9680615,117.723718,1.246618048,2,7314.601478,3.864973377,14,3,38.89852682,127.4629048,73.94452142,2
28-08-2025,302.8561113,83.49155626,1.569037895,1,6984.895711,9.655647275,4,4,88.33356903,97.03201614,65.79015519,3
29-08-2025,267.1809145,85.15100781,0.926383565,5,4807.38178,6.536361236,5,3,101.5219635,235.5706529,72.89774857,3
30-08-2025,161.8479922,78.51108168,0.773879151,4,4301.502843,8.205719577,4,7,89.01915756,294.5649984,90.75400799,5
31-08-2025,266.2041985,41.62457569,0.733145671,2,5087.763353,7.920762012,10,4,27.976737,96.08594557,78.71124703,4
01-09-2025,230.745886,79.46972249,0.755256915,1,8521.995393,9.036821182,11,4,87.32639881,213.7781542,66.73976468,3
02-09-2025,216.1539,81.2046042,0.976869487,4,5607.463263,6.35004489,4,5,50.86591498,140.9614459,82.01213922,2
03-09-2025,280.5838144,129.2648422,1.102345592,5,6364.607262,7.305734091,3,2,110.0901765,150.772477,65.91924627,2
04-09-2025,301.5499761,76.1527807,1.08300724,4,4696.313711,7.838663804,2,4,100.9979474,144.4563645,50,3
05-09-2025,296.564006,86.03094685,1.248154975,1,5091.344911,8.308812387,2,5,61.80360641,128.1605538,59.91913689,4
06-09-2025,208.0391238,79.30576461,1.003900568,4,5970.744045,8.731531508,3,1,74.58399248,182.9112977,51.29208079,2
07-09-2025,234.5393812,56.62643925,1.436060223,3,5189.142242,6.283927404,8,2,58.22359434,130.142993,66.48486516,5
08-09-2025,266.5631716,102.8564563,0.92060295,4,2153.934526,6.003658835,1,7,88.11962708,196.2274095,70.18418379,2
09-09-2025,298.7772564,95.03866065,1.81605075,2,6920.811143,9.040167049,14,4,118.6542696,176.9857134,86.76437312,1
10-09-2025,4523.67,38.09877,1.000201,1,1964.78,5.80076,3,2,333.876,173.67,85,2
